﻿<?xml version="1.0" encoding="utf-8" ?>
<Queries>

  <GetLastRecord>
    SELECT (ISNULL(MAX("DocEntry"),0))+1 AS "Code" FROM [@BOEBILLINGP]
  </GetLastRecord>

  <GetInvoices>
    SELECT ROW_NUMBER() OVER(ORDER BY A."DocNum" ASC) AS '#',
		   CASE A."U_BO_S" WHEN '0' THEN 'A la espera'
						 WHEN '1' THEN 'Aceptada'
						 WHEN '2' THEN 'Rechaza'
						 WHEN '3' THEN 'En validación'
						 ELSE 'A la espera' 
		   END AS 'Estado',
		   A."DocNum" AS 'No_Factura',
		   A."CardCode" AS 'Codigo_cliente',
		   A."CardName" AS 'Nombre_cliente',
		   A."DocDate" AS 'Fecha_Documento',
		   A."DocDueDate" AS 'Fecha_vencimiento',
		  CASE WHEN A."U_BO_EE" = 'Y' THEN 'SI'
			   WHEN A."U_BO_EE" = 'N' THEN 'NO'
			   ELSE '' END  AS 'Enviar_Email',
       CASE WHEN B.U_BO_StatusEmail = '200' THEN 'Enviado' ELSE 'Pendiente' END AS 'Estado_Correo',
		   B.U_BO_Email1 AS 'Correo1',
		   B.U_BO_Email2 AS 'Correo2',
		   B.U_BO_Email3 AS 'Correo3',
		   B.U_BO_Email4 AS 'Correo4',
		   B.U_BO_Email5 AS 'Correo5',
		   A."DocTotal" AS 'Total_documento',
       CASE WHEN A."U_BO_MRWS" IS NULL THEN 'No Enviado'
            ELSE A."U_BO_MRWS" END AS "Respuesta_TFHKA",
		   A."DocEntry" AS 'DocEntry'

	FROM "OINV" A LEFT JOIN "@BOEE" B ON A."DocEntry"=B."U_BO_DocEntry" AND B."U_BO_ObjecType" = '13'
				  
    WHERE "DocDate" BETWEEN '%FI%' 
    AND '%FF%' 
    %EstadoDocumento% 
    AND "Series" in (%Series%) 
    AND "DocSubType"= '--' 
    ***SN*** 
    ***DocNum***
  </GetInvoices>

  <GetCreditMemo>
    SELECT ROW_NUMBER() OVER(ORDER BY A."DocNum" ASC) AS '#',
           CASE A."U_BO_S" WHEN '0' THEN 'A la espera'
                         WHEN '1' THEN 'Aceptada'
                         WHEN '2' THEN 'Rechaza'
                         WHEN '3' THEN 'En validación'
                         ELSE 'A la espera' END AS 'Estado',
          A."DocNum" AS 'No_Factura',
          A."CardCode" AS 'Codigo_cliente',
          A."CardName" AS 'Nombre_cliente',
          A."DocDate" AS 'Fecha_Documento',
          A."DocDueDate" AS 'Fecha_vencimiento',
		  CASE WHEN A."U_BO_EE" = 'Y' THEN 'SI'
			   WHEN A."U_BO_EE" = 'N' THEN 'NO'
			   ELSE '' END  AS 'Enviar_Email',
         CASE WHEN B.U_BO_StatusEmail = '200' THEN 'Enviado' ELSE 'Pendiente' END AS 'Estado_Correo',
		  B.U_BO_Email1 AS 'Correo1',
		  B.U_BO_Email2 AS 'Correo2',
		  B.U_BO_Email3 AS 'Correo3',
		  B.U_BO_Email4 AS 'Correo4',
		  B.U_BO_Email5 AS 'Correo5',
          A."DocTotal" AS 'Total_documento',
          CASE WHEN A."U_BO_MRWS" IS NULL THEN 'No Enviado'
               ELSE A."U_BO_MRWS" END AS "Respuesta_TFHKA",
          A."DocEntry" AS 'DocEntry'

    FROM "ORIN" A LEFT JOIN "@BOEE" B ON A."DocEntry"=B."U_BO_DocEntry" AND B."U_BO_ObjecType" = '14'
    WHERE A."DocDate" BETWEEN '%FI%' AND '%FF%' 
	%EstadoDocumento% 
    AND A."Series" in (%Series%)  
    ***SN*** 
    ***DocNum***
  </GetCreditMemo>

  <GetDebitMemo>
    SELECT ROW_NUMBER() OVER(ORDER BY A."DocNum" ASC) AS '#',
           CASE "U_BO_S" WHEN '0' THEN 'A la espera'
                WHEN '1' THEN 'Aceptada'
                WHEN '2' THEN 'Rechaza'
                WHEN '3' THEN 'En validación'
                ELSE 'A la espera' END AS 'Estado',
          A."DocNum" AS 'No_Factura',
          A."CardCode" AS 'Codigo_cliente',
          A."CardName" AS 'Nombre_cliente',
          A."DocDate" AS 'Fecha_Documento',
          A."DocDueDate" AS 'Fecha_vencimiento',
		  CASE WHEN A."U_BO_EE" = 'Y' THEN 'SI'
			   WHEN A."U_BO_EE" = 'N' THEN 'NO'
			   ELSE '' END  AS 'Enviar_Email',
         CASE WHEN B.U_BO_StatusEmail = '200' THEN 'Enviado' ELSE 'Pendiente' END AS 'Estado_Correo',
		  B.U_BO_Email1 AS 'Correo1',
		  B.U_BO_Email2 AS 'Correo2',
		  B.U_BO_Email3 AS 'Correo3',
		  B.U_BO_Email4 AS 'Correo4',
		  B.U_BO_Email5 AS 'Correo5',
          A."DocTotal" AS 'Total_documento',
          CASE WHEN A."U_BO_MRWS" IS NULL THEN 'No Enviado'
               ELSE A."U_BO_MRWS" END AS "Respuesta_TFHKA",
          A."DocEntry" AS 'DocEntry'
    FROM "OINV" A LEFT JOIN "@BOEE" B ON A."DocEntry"=B."U_BO_DocEntry" AND B."U_BO_ObjecType" = '13'
    WHERE A."DocDate" BETWEEN '%FI%' AND '%FF%' 
    %EstadoDocumento% 
    AND A."DocSubType"= 'DN' 
    AND A."Series" = '%Series%' 
    ***SN*** 
    ***DocNum***
  </GetDebitMemo>

  <GetPurchase>
    SELECT ROW_NUMBER() OVER(ORDER BY A."DocNum" ASC) AS "#",
    CASE A."U_BO_S" WHEN '0' THEN 'A la espera'
    WHEN '1' THEN 'Aceptada'
    WHEN '2' THEN 'Rechaza'
    WHEN '3' THEN 'En validación'
    ELSE 'A la espera' END AS "Estado",
    A."DocNum" AS "No_Factura",
    A."CardCode" AS "Codigo_cliente",
    A."CardName" AS "Nombre_cliente",
    A."DocDate" AS "Fecha_Documento",
    A."DocDueDate" AS "Fecha_vencimiento",
    CASE WHEN A."U_BO_EE" = 'Y' THEN 'SI'
    WHEN A."U_BO_EE" = 'N' THEN 'NO'
    ELSE '' END  AS "Enviar_Email",
    CASE WHEN B."U_BO_StatusEmail" = '200' THEN 'Enviado' ELSE 'Pendiente' END AS "Estado_Correo",
    B."U_BO_Email1" AS "Correo1",
    B."U_BO_Email2" AS "Correo2",
    B."U_BO_Email3" AS "Correo3",
    B."U_BO_Email4" AS "Correo4",
    B."U_BO_Email5" AS "Correo5",
    A."DocTotal" AS "Total_documento",
    CASE WHEN A."U_BO_MRWS" IS NULL THEN 'No Enviado'
    ELSE A."U_BO_MRWS" END AS "Respuesta_TFHKA",
    A."DocEntry" AS "DocEntry"
    FROM "PRUEBAS_ACTUAL"."OPCH" A LEFT JOIN "PRUEBAS_ACTUAL"."@BOEE" B ON A."DocEntry"=B."U_BO_DocEntry" AND B."U_BO_ObjecType" = '13'
    WHERE "DocDate" BETWEEN '%FI%' AND '%FF%'
    %EstadoDocumento%
    AND "Series" IN (SELECT "U_BO_SN" FROM "PRUEBAS_ACTUAL"."@BOSERNUM" WHERE "U_BO_TD" = 'DSA')
    AND "DocSubType"= '--'
    ***SN***
    ***DocNum***
  </GetPurchase>

  <GetSeriesNumberInvoice>
    SELECT "Series" AS 'Series', "SeriesName" 'Nombre', "ObjectCode" FROM NNM1
    WHERE "ObjectCode" = '13' AND "DocSubType" = '--'
  </GetSeriesNumberInvoice>

  <GetSeriesNumberCreditMemo>
    SELECT "Series" AS 'Series', "SeriesName" 'Nombre', "ObjectCode" FROM NNM1
    WHERE "ObjectCode" = '14' AND "DocSubType" = '--'
  </GetSeriesNumberCreditMemo>

  <GetSeriesNumberDebitMemo>
    SELECT "Series" AS 'Series', "SeriesName" 'Nombre', "ObjectCode" FROM NNM1
    WHERE "ObjectCode" = '13' AND "DocSubType" = 'DN'
  </GetSeriesNumberDebitMemo>

  <GetSeriesNumberActive>
    select
    Stuff(
    (SELECT CAST(',' AS varchar(MAX)) + convert(varchar, Code)
    from  [@BOSERNUM] WHERE U_BO_TD = 'FVC'
    FOR XML PATH('')
    ), 1, 1, '') as 'SNFV',
    (SELECT Code FROM [@BOSERNUM] WHERE U_BO_TD = 'NCC') AS 'SNNC',
    (SELECT Code FROM [@BOSERNUM] WHERE U_BO_TD = 'NDC')  AS 'SNND'
    (SELECT Code FROM [@BOSERNUM] WHERE U_BO_TD = 'DSA')  AS 'DSA'
  </GetSeriesNumberActive>

  <GetTiposOperacion>
    SELECT T0."FldValue" AS 'Valor', T0."Descr" AS 'Descripcion' FROM UFD1 T0
    WHERE "TableID" = '@BOEBILLINGP' AND "FieldID" IN (SELECT TOP 1 "FieldID" FROM CUFD WHERE AliasID = 'BO_TO') AND T0.Descr IN ('Estandar','Servicios AIU','Mandatos bienes')
  </GetTiposOperacion>

  <GetCategoryIDFormattedSearch>
    SELECT "CategoryId" FROM "OQCN" WHERE "CatName" = '%CategoryName%'
  </GetCategoryIDFormattedSearch>

  <GetCategoryeBilling>
    SELECT MAX("IntrnalKey") AS 'IntrnalKey' FROM OUQR
    WHERE "QName" = '%NombreQuery%' AND "QCategory"='%CategoryID%'
  </GetCategoryeBilling>

  <GetIntrnalKeySearchFormatted>
    SELECT MAX(IntrnalKey) AS IntrnalKey FROM OUQR WHERE QCategory = '%CategoryID%' AND QName = '%NameSearchFormatted%'
  </GetIntrnalKeySearchFormatted>

  <FormattedSearchActividadEconomicaHBT>
    SELECT "Code", "U_Descripcion" FROM "@HBT_ACTIVIDADECO"  ORDER BY 1
  </FormattedSearchActividadEconomicaHBT>

  <FormattedSearchActividadEconomicaOK1>
    SELECT T0."Code", T0."U_desc" FROM "@BPCO_MM_ACECO" T0 ORDER BY T0.Code
  </FormattedSearchActividadEconomicaOK1>

  <FormattedSearchActividadEconomicaEXX>
    SELECT T0."Code", T0."U_desc" FROM "@BPCO_MM_ACECO" T0 ORDER BY T0.Code
  </FormattedSearchActividadEconomicaEXX>
    
  <FormattedSearchActividadEconomicaBO>
    SELECT T0."Code", T0."U_BO_Descrip" FROM "@BO_ACTECONOM" T0 ORDER BY T0.Code
  </FormattedSearchActividadEconomicaBO>

  <FormattedSearchResponFiscal>
    SELECT "Code", "U_BO_Des" FROM [@BORESFISCAL] ORDER BY 1
  </FormattedSearchResponFiscal>

  <FormattedSearchUnidadesMedidaEstandar>
    SELECT DISTINCT "SalUnitMsr" AS "Unidad de Medida Estandar" FROM "OITM" ORDER BY 1
  </FormattedSearchUnidadesMedidaEstandar>

  <FormattedSearchUnidadesMedidaDIANHBT>
    SELECT * FROM "@BOUNIDMDIAN" ORDER BY 1
  </FormattedSearchUnidadesMedidaDIANHBT>

  <FormattedSearchUnidadesMedidaDIANBO>
    SELECT * FROM "@BOUNIDMDIAN" ORDER BY 1
  </FormattedSearchUnidadesMedidaDIANBO>
  
  <FormattedSearchUnidadesMedidaDIANOK1>
    SELECT * FROM "@BOUNIDMDIAN" ORDER BY 1
  </FormattedSearchUnidadesMedidaDIANOK1>

  <FormattedSearchFacturasdeVenta>
    SELECT "DocNum" AS 'No. Factura', 
		   "DocDate" AS 'Fecha Contabilizacion', 
		   "CardCode" AS 'Codigo Cliente', 
		   "CardName" AS 'Nombre del Cliente', 
		   "DocTotal" AS 'Total Documento' 
	FROM "OINV" ORDER BY 1,2
  </FormattedSearchFacturasdeVenta>

  <FormattedSearchSeriesNumeracion>
    SELECT "Series", "SeriesName", "InitialNum", "LastNum", "Remark" FROM NNM1
    WHERE ObjectCode IN ('13','14','18')
  </FormattedSearchSeriesNumeracion>

  <GetFormmatedSearchKey>
    SELECT TOP 1 ISNULL("IndexID",0) FROM CSHS WHERE "FormID" = '%FormID%' AND "ItemID" = '%ItemID%'
  </GetFormmatedSearchKey>

  <GetQuantityEmails>
    SELECT ISNULL("U_BO_Emails",1) FROM "@BOEBILLINGP" WHERE "U_BO_Status" = 'Y'
  </GetQuantityEmails>

  <InsertTipoResponsabilidad>
    INSERT INTO "@BORESFISCAL" ("Code","Name","U_BO_Des") VALUES ('%sCode%','%sName%','%sDescripcion%')
  </InsertTipoResponsabilidad>

  <InsertUnidadMedidaDIAN>
    INSERT INTO "@BOUNIDMDIAN" ("Code","Name") VALUES ('%sCode%','%sName%')
  </InsertUnidadMedidaDIAN>

  <GetTableBORESFISCAL>
    SELECT Code FROM [@BORESFISCAL]
  </GetTableBORESFISCAL>

  <GetTableUMDIAN>
    SELECT Code FROM [@BOUNIDMDIAN]
  </GetTableUMDIAN>

  <GetDocEntryAndParameters>
    SELECT TOP 1 T0."DocEntry",
    T0."Series",
    (SELECT TOP 1 "U_BO_L" FROM "@BOEBILLINGP") AS "Localizacion",
    T0."U_BO_CRWS" AS "CRWS",
    COALESCE((SELECT TOP 1 "U_BO_FormE" FROM [@BOEBILLINGP]),0) AS "FormaEnvio",
    COALESCE((SELECT TOP 1 "U_BO_FormE" FROM [@BOEBILLINGP]),0) AS "FormaEnvioDS",
    (SELECT TOP 1 "U_BO_LlE" FROM "@BOEBILLINGP" WHERE U_BO_Status = 'Y') AS "Llave",
    (SELECT TOP 1 "U_BO_PwdE" FROM "@BOEBILLINGP" WHERE U_BO_Status = 'Y') AS "Password",
    (SELECT TOP 1 "U_BO_UserDB" FROM "@BOEBILLINGP" WHERE U_BO_Status = 'Y') AS "UserDB",
    (SELECT TOP 1 "U_BO_PassDB" FROM "@BOEBILLINGP" WHERE U_BO_Status = 'Y') AS "PassDB",
    (SELECT TOP 1 A."U_BO_RutaPDF" FROM "@BOEBILLINGP" A WHERE A.U_BO_Status = 'Y') AS "RutaPDF",
    (SELECT TOP 1 "U_BO_RutaXML" FROM "@BOEBILLINGP" WHERE U_BO_Status = 'Y') AS "RutaXML",
    (SELECT TOP 1 A."U_BO_RutaCRL" FROM "@BOEBILLINGP" A WHERE A.U_BO_Status = 'Y') AS "RutaCR",
    (SELECT TOP 1 A."U_BO_GXP" FROM "@BOEBILLINGP" A WHERE A.U_BO_Status = 'Y') AS "GeneraXMLP",
    T1."U_BO_PREF" AS "PrefijoDes"

    FROM "%Tabla%" T0 LEFT JOIN "@BOSERNUM" T1 ON T0."Series"=T1."Code"
    WHERE T0."DocNum" = '%sDocNumInvoice%' AND T0."Series" = '%sSerieNumeracion%' AND T0."DocSubType" = '%DocSubType%'
  </GetDocEntryAndParameters>

  <GetDocNumAndSeries>
    
    SELECT "DocNum" AS "DocNum",
           "Series" AS "Series"
    FROM "%Table%" 
    WHERE "DocEntry" = '%NewObjectKey%'
    
  </GetDocNumAndSeries>

  <GetDocEntryAndParametersService>
      
      SELECT TOP 1 T0."DocEntry",
              T0."DocNum",
			        T0."Series",
			        (SELECT TOP 1 "U_BO_L" FROM "@BOEBILLINGP") AS "Localizacion",
			        T0."U_BO_CRWS" AS "CRWS",
			        COALESCE((SELECT TOP 1 "U_BO_FormE" FROM [@BOEBILLINGP]),0) AS "FormaEnvio",
			        (SELECT TOP 1 "U_BO_LlE" FROM "@BOEBILLINGP" WHERE U_BO_Status = 'Y') AS "Llave",
			        (SELECT TOP 1 "U_BO_PwdE" FROM "@BOEBILLINGP" WHERE U_BO_Status = 'Y') AS "Password",
			        (SELECT TOP 1 "U_BO_UserDB" FROM "@BOEBILLINGP") AS "UserDB",
			        (SELECT TOP 1 "U_BO_PassDB" FROM "@BOEBILLINGP") AS "PassDB",
			        (SELECT TOP 1 A."U_BO_RutaPDF" FROM "@BOEBILLINGP" A) AS "RutaPDF",
			        (SELECT TOP 1 "U_BO_RutaXML" FROM "@BOEBILLINGP") AS "RutaXML",
			        (SELECT TOP 1 A."U_BO_RutaCRL" FROM "@BOEBILLINGP" A) AS "RutaCR",
			        (SELECT TOP 1 A."U_BO_GXP" FROM "@BOEBILLINGP" A) AS "GeneraXMLP",
			        T1."U_BO_PREF" AS "PrefijoDes"

    FROM "%Tabla%" T0 LEFT JOIN "@BOSERNUM" T1 ON T0."Series"=T1."Code"
    WHERE T0."DocEntry" = '%sDocEntry%' 

  </GetDocEntryAndParametersService>
  
  <ExecProcedureBOFacturaXML>
    EXEC "BO_FacturaXML" '%DocEntry%','%ObjecType%','%TipoConsulta%'
  </ExecProcedureBOFacturaXML>

  <GetParameterstoSend>
    SELECT TOP 1 "XmlPath" AS 'XmlPath',
		  (SELECT TOP 1 "U_BO_LlE" FROM [@BOEBILLINGP] WHERE "U_BO_Status" = 'Y') AS 'TokenEmpresa',
		  (SELECT TOP 1 "U_BO_PwdE" FROM [@BOEBILLINGP]  WHERE "U_BO_Status" = 'Y') AS 'TokenPassword'
    FROM "OADM"
  </GetParameterstoSend>

  <GetSearchRuta>
    SELECT "XmlPath" AS "XmlPath" FROM "OADM"
  </GetSearchRuta>

  <GetRPTDoc>
    SELECT T0."CODE" AS "TipoDoc",
		   T0."DEFLT_REP" AS "ID_Layout",
		   T1."DocName" AS "NombreFormato",
          (SELECT TOP 1 A.U_BO_RutaCRL FROM "@BOEBILLINGP" A) AS "RutaPDFyXML"
    FROM "RTYP" T0 LEFT JOIN "RDOC" T1 ON T0."DEFLT_REP" ="DocCode"
    WHERE T0.CODE = '%TypeDoc%'
  </GetRPTDoc>

  <GetRPTDocUser>
	  SELECT TOP 1 "DoumntDode" AS "TipoDoc", 
			       T0.DfltReport AS "ID_Layout",
				   T1.DocName AS "NombreFormato",
				   (SELECT TOP 1 A.U_BO_RutaCRL FROM "@BOEBILLINGP" A) AS "RutaPDFyXML"
	  FROM "RDFL" T0 INNER JOIN "RDOC" T1 ON T0."DfltReport" =  T1.DocCode
	  WHERE DoumntDode = '%TypeDoc%' AND T0.UserId = '%UserId%'
  </GetRPTDocUser>
  
  <GetCUFEInvoice>
    SELECT U_BO_CUFE AS 'CUFE',
		   CASE WHEN "U_BO_Pref" = 'Y' THEN CONCAT(T2."BeginStr",CAST(T0."DocNum" AS NVARCHAR(50)))
				ELSE CAST(T0."DocNum" as NVARCHAR(50))
		   END AS "consecutivoDocumento",
		   FORMAT (T0."DocDate", 'yyyy-MM-dd') AS 'fechaEmision'

    FROM OINV T0 LEFT JOIN [@BOSERNUM] T1 ON T0."Series"=T1."Code"
				 LEFT JOIN "NNM1" T2 ON T0."Series"=T2."Series" AND T2."ObjectCode" = '13'

    WHERE T0.DocNum = '%DocNum%'
  </GetCUFEInvoice>

  <GetCUFEDebitNote>
    SELECT U_BO_CUFE AS 'CUFE',

          CASE WHEN "U_BO_Pref" = 'Y' THEN CONCAT(T2."BeginStr",CAST(T0."DocNum" AS NVARCHAR(50)))
          ELSE CAST(T0."DocNum" AS NVARCHAR(50))
          END AS "consecutivoDocumento",

          FORMAT (T0."DocDate", 'yyyy-MM-dd') AS 'fechaEmision'

    FROM OINV T0 LEFT JOIN [@BOSERNUM] T1 ON T0."Series"=T1."Code"
    LEFT JOIN "NNM1" T2 ON T0."Series"=T2."Series" AND T2."ObjectCode" = '13'

    WHERE T0.DocNum = '%DocNum%' AND T0.Series = T0."DocSubType" = 'DN'
  </GetCUFEDebitNote>

  <GetInvoiceandPrefijo>
    SELECT TOP 1 CONCAT(T1.BeginStr,CAST(T0.DocNum AS NVARCHAR(20))) AS 'PrefWithDoc',
		   (SELECT TOP 1 "U_BO_LlE" FROM "@BOEBILLINGP") AS "TokenEmpresa",
		   (SELECT TOP 1 "U_BO_PwdE" FROM "@BOEBILLINGP") AS "TokenPassword"
    FROM "OINV" T0 LEFT JOIN "NNM1" T1 ON T0."Series"=T1."Series" AND T1."ObjectCode" = '13'
    WHERE T0.DocNum = '%NoDoc%' AND T0.DocSubType != 'DN'
  </GetInvoiceandPrefijo>

  <GetModoandURL>
    SELECT TOP 1 CASE WHEN U_BO_Mdo = 'PRU' THEN U_BO_URLWSPRU
		                  ELSE U_BO_URLWSPRD END AS 'URLTFHKA',
		                  U_BO_Mdo AS 'Modo',
                      U_BO_MI AS 'ModoIntegracion',
                      U_BO_PC AS 'ProtocoloComunicacion'
    FROM "@BOEBILLINGP"
    WHERE %Estado% %DocEntry%
  </GetModoandURL>

  <CFLSN>
    SELECT TOP 1 ISNULL(CardCode,'') FROM OCRD WHERE CardCode = '%CardCode%'
  </CFLSN>

  <GetCodeSeriesNumeracion>
    SELECT Code FROM [@BOSERNUM]
    WHERE Code = '%Code%'
  </GetCodeSeriesNumeracion>

  <GetActiveConfig>
    SELECT "DocEntry" AS "DocEntry" FROM [@BOEBILLINGP] WHERE "U_BO_Status" = 'Y'
  </GetActiveConfig>
  
  <DecimalQuantity>
    SELECT CASE B."Decimals" WHEN '-1' THEN (SELECT TOP 1 "QueryDec" FROM "OADM") 
           ELSE B."Decimals" END AS "CantidadDecimales"
    FROM "OCRN" B 
    WHERE B."CurrCode" = (SELECT "MainCurncy" FROM "OADM") 
  </DecimalQuantity>

  <CountsEmails>
    SELECT Code FROM "@BOEE" WHERE "U_BO_DocEntry" = '%DocEntry%' AND "U_BO_ObjecType" = '%ObjecType%'
  </CountsEmails>

  <QuantityEmails>
    SELECT "U_BO_Emails" AS "CantidadCorreos" FROM "@BOEBILLINGP" WHERE U_BO_Status = 'Y'
  </QuantityEmails>

  <SerachNextCode>
    SELECT RIGHT('0000000000' + Ltrim(Rtrim(COUNT(CODE)+1)),10) AS 'ID' FROM [@BOEE]
  </SerachNextCode>
  
  <GetPrefijoSeries>
    SELECT U_BO_PREF AS 'Prefijo'
    FROM [@BOSERNUM]
    WHERE Code = '%Code%'
  </GetPrefijoSeries>

  <GetLlaveAndPassword>
    
    SELECT 
    (SELECT TOP 1 "U_BO_LlE" FROM "@BOEBILLINGP" WHERE U_BO_Status = 'Y') AS "Llave",
    (SELECT TOP 1 "U_BO_PwdE" FROM "@BOEBILLINGP" WHERE U_BO_Status = 'Y') AS "Password"

  </GetLlaveAndPassword>
  <PathFilesAttchment>
    SELECT CONCAT(trgtPath,'\', FileName" , '.' , "FileExt") AS "PathFile"
    FROM ATC1
    WHERE "AbsEntry" = '%DocEntryAdjuntos%'
  </PathFilesAttchment>


</Queries>